{
    "avg_precision": 0.5252130112282762,
    "roc_auc": 0.9501301777673448
}